<keymap version="1" name="Alex shortcut" parent="Default for GNOME">
  <action id="ActivateServicesToolWindow">
    <keyboard-shortcut first-keystroke="alt 8" />
    <keyboard-shortcut first-keystroke="shift ctrl s" />
  </action>
  <action id="ActivateVersionControlToolWindow">
    <keyboard-shortcut first-keystroke="alt 9" />
    <keyboard-shortcut first-keystroke="shift ctrl g" />
  </action>
  <action id="Activatesbt-shell-toolwindowToolWindow" />
  <action id="Annotate">
    <keyboard-shortcut first-keystroke="shift ctrl alt b" />
  </action>
  <action id="ChangesView.ShelveSilently" />
  <action id="CollapseAllRegions">
    <keyboard-shortcut first-keystroke="shift ctrl minus" />
  </action>
  <action id="CollapseSelection">
    <keyboard-shortcut first-keystroke="ctrl period" />
    <keyboard-shortcut first-keystroke="ctrl alt e" />
  </action>
  <action id="Compare.SameVersion">
    <keyboard-shortcut first-keystroke="shift ctrl d" />
  </action>
  <action id="Console.History.Browse" />
  <action id="Console.TableResult.NextPage">
    <keyboard-shortcut first-keystroke="ctrl alt down" />
    <keyboard-shortcut first-keystroke="shift alt down" />
  </action>
  <action id="Console.TableResult.PreviousPage">
    <keyboard-shortcut first-keystroke="ctrl alt up" />
    <keyboard-shortcut first-keystroke="shift alt up" />
  </action>
  <action id="DSM.ZoomIn">
    <keyboard-shortcut first-keystroke="ctrl add" />
  </action>
  <action id="DatabaseView.OpenDdlInConsole" />
  <action id="Diff.AppendLeftSide">
    <keyboard-shortcut first-keystroke="ctrl alt w" />
  </action>
  <action id="Diff.AppendRightSide">
    <keyboard-shortcut first-keystroke="ctrl alt x" />
  </action>
  <action id="Diff.ApplyLeftSide">
    <keyboard-shortcut first-keystroke="ctrl alt a" />
  </action>
  <action id="Diff.ApplyRightSide">
    <keyboard-shortcut first-keystroke="ctrl alt e" />
  </action>
  <action id="Diff.IgnoreLeftSide">
    <keyboard-shortcut first-keystroke="ctrl alt q" />
  </action>
  <action id="Diff.IgnoreRightSide">
    <keyboard-shortcut first-keystroke="ctrl alt d" />
  </action>
  <action id="Diff.ResolveConflict">
    <keyboard-shortcut first-keystroke="ctrl alt z" />
  </action>
  <action id="Django.RunManageTaskAction" />
  <action id="EditorDecreaseFontSize">
    <keyboard-shortcut first-keystroke="shift ctrl alt page_down" />
  </action>
  <action id="EditorIncreaseFontSize">
    <keyboard-shortcut first-keystroke="shift ctrl alt page_up" />
  </action>
  <action id="EditorSelectLine">
    <keyboard-shortcut first-keystroke="ctrl q" />
  </action>
  <action id="ExpandAll">
    <keyboard-shortcut first-keystroke="ctrl add" />
  </action>
  <action id="ExpandAllRegions">
    <keyboard-shortcut first-keystroke="shift ctrl equals" />
  </action>
  <action id="ExpandExpandableComponent">
    <keyboard-shortcut first-keystroke="shift enter" />
    <keyboard-shortcut first-keystroke="ctrl add" />
  </action>
  <action id="ExternalSystem.ExpandAll">
    <keyboard-shortcut first-keystroke="ctrl add" />
  </action>
  <action id="FileChooser.LightEditGotoOpenedFile">
    <keyboard-shortcut first-keystroke="shift ctrl s" />
  </action>
  <action id="Git.ChangesView.Merge">
    <keyboard-shortcut first-keystroke="shift ctrl m" />
  </action>
  <action id="Graph.ZoomIn">
    <keyboard-shortcut first-keystroke="shift add" />
  </action>
  <action id="Graph.ZoomOut">
    <keyboard-shortcut first-keystroke="shift ctrl subtract" />
  </action>
  <action id="Images.Editor.ZoomIn">
    <keyboard-shortcut first-keystroke="ctrl add" />
  </action>
  <action id="Jdbc.OpenConsole.New" />
  <action id="Jdbc.OpenConsole.New.Generate" />
  <action id="MethodHierarchy" />
  <action id="MethodHierarchy.BaseOnThisMethod" />
  <action id="MoveEditorToOppositeTabGroup">
    <keyboard-shortcut first-keystroke="alt m" />
  </action>
  <action id="MoveTabRight">
    <keyboard-shortcut first-keystroke="shift alt right" />
  </action>
  <action id="QuickJavaDoc">
    <keyboard-shortcut first-keystroke="ctrl q" />
    <mouse-shortcut keystroke="alt button2" />
    <keyboard-shortcut first-keystroke="shift ctrl q" />
  </action>
  <action id="Scala.RenameJavaToScala" />
  <action id="Scala.RunConsole" />
  <action id="Scala.ShowImplicitConversions" />
  <action id="Scala.ShowImplicits">
    <keyboard-shortcut first-keystroke="shift ctrl alt equals" />
    <keyboard-shortcut first-keystroke="shift ctrl alt add" />
  </action>
  <action id="Vcs.ShowTabbedFileHistory">
    <keyboard-shortcut first-keystroke="shift ctrl h" />
  </action>
</keymap>