<application>
  <component name="LocalDatabaseDriverManager" version="201">
    <driver id="mongo" name="?" driver-class="null" />
    <driver id="mysql.8">
      <artifact />
      <artifact id="MySQL ConnectorJ" name="MySQL ConnectorJ" use="true" version="8.0.25" />
      <artifact id="MySQL Connector/J 8" name="MySQL Connector/J 8" use="true" />
    </driver>
    <driver id="postgresql">
      <artifact id="PostgreSQL" name="PostgreSQL" use="true" version="42.6.0" />
    </driver>
  </component>
</application>