<application>
  <component name="dataSourceStorage" format="xml" multifile-model="true">
    <data-source source="LOCAL" name="PostgreSQL - postgres@localhost" uuid="e9c5969d-c14a-4c31-8068-38ac30fd3d09">
      <driver-ref>postgresql</driver-ref>
      <synchronize>true</synchronize>
      <jdbc-driver>org.postgresql.Driver</jdbc-driver>
      <jdbc-url>jdbc:postgresql://localhost:5432/hemea</jdbc-url>
    </data-source>
    <data-source source="LOCAL" name="Prod RO" read-only="true" uuid="12830ec8-69a0-45d8-8789-16f968096771">
      <driver-ref>postgresql</driver-ref>
      <synchronize>true</synchronize>
      <jdbc-driver>org.postgresql.Driver</jdbc-driver>
      <jdbc-url>jdbc:postgresql://ec2-34-252-173-13.eu-west-1.compute.amazonaws.com:5432/d3j8aukn4bhv14</jdbc-url>
    </data-source>
    <data-source source="LOCAL" name="RA GCP" uuid="cbf4598f-6fb5-44e3-b471-41b3d99811df">
      <driver-ref>postgresql</driver-ref>
      <synchronize>true</synchronize>
      <jdbc-driver>org.postgresql.Driver</jdbc-driver>
      <jdbc-url>jdbc:postgresql://34.163.3.65:5432/hemea</jdbc-url>
      <working-dir>$ProjectFileDir$</working-dir>
    </data-source>
  </component>
</application>