<application>
  <component name="FileTypeManager" version="18">
    <extensionMap>
      <mapping pattern=".env" type="PLAIN_TEXT" />
      <mapping pattern="dummyFile" type="PLAIN_TEXT" />
      <mapping ext="text" type="PLAIN_TEXT" />
      <mapping pattern="ProAskingForPricingInformationEmailFactory" type="Scala" />
      <mapping pattern="Breakpoints" type="TypeScript JSX" />
      <mapping pattern="NumberInputGroup" type="TypeScript JSX" />
      <removed_mapping pattern=".rvmrc" approved="true" type="PLAIN_TEXT" />
      <removed_mapping pattern="gemfile.lock" approved="true" type="PLAIN_TEXT" />
    </extensionMap>
  </component>
</application>