<application>
  <component name="FindSettings">
    <option name="customScope" value="Project Files" />
    <option name="defaultScopeName" value="Project Files" />
    <option name="regularExpressions" value="true" />
    <option name="REGULAR_EXPRESSIONS" value="true" />
    <option name="SEARCH_SCOPE" value="Project Files" />
    <mask>*.css</mask>
    <mask>*.xml</mask>
    <mask>*.jsp</mask>
    <mask>*.properties</mask>
    <mask>*.java</mask>
    <mask>*.test.*</mask>
    <mask>*.js</mask>
    <mask>*.tsx</mask>
    <mask>*.sql</mask>
    <mask>*.html</mask>
    <mask>*Test*</mask>
    <mask>*Repository*</mask>
    <mask>*.test*</mask>
  </component>
</application>