<application>
  <component name="ProjectJdkTable">
    <jdk version="2">
      <name value="11" />
      <type value="JavaSDK" />
      <version value="java version &quot;11.0.5&quot;" />
      <homePath value="$APPLICATION_HOME_DIR$/jbr" />
      <roots>
        <annotationsPath>
          <root type="composite">
            <root url="jar://$APPLICATION_HOME_DIR$/plugins/java/lib/jdkAnnotations.jar!/" type="simple" />
          </root>
        </annotationsPath>
        <classPath>
          <root type="composite">
            <root url="jrt:///snap/intellij-idea-ultimate/193/jbr!/java.base" type="simple" />
            <root url="jrt:///snap/intellij-idea-ultimate/193/jbr!/java.compiler" type="simple" />
            <root url="jrt:///snap/intellij-idea-ultimate/193/jbr!/java.datatransfer" type="simple" />
            <root url="jrt:///snap/intellij-idea-ultimate/193/jbr!/java.desktop" type="simple" />
            <root url="jrt:///snap/intellij-idea-ultimate/193/jbr!/java.instrument" type="simple" />
            <root url="jrt:///snap/intellij-idea-ultimate/193/jbr!/java.logging" type="simple" />
            <root url="jrt:///snap/intellij-idea-ultimate/193/jbr!/java.management" type="simple" />
            <root url="jrt:///snap/intellij-idea-ultimate/193/jbr!/java.management.rmi" type="simple" />
            <root url="jrt:///snap/intellij-idea-ultimate/193/jbr!/java.naming" type="simple" />
            <root url="jrt:///snap/intellij-idea-ultimate/193/jbr!/java.net.http" type="simple" />
            <root url="jrt:///snap/intellij-idea-ultimate/193/jbr!/java.prefs" type="simple" />
            <root url="jrt:///snap/intellij-idea-ultimate/193/jbr!/java.rmi" type="simple" />
            <root url="jrt:///snap/intellij-idea-ultimate/193/jbr!/java.scripting" type="simple" />
            <root url="jrt:///snap/intellij-idea-ultimate/193/jbr!/java.se" type="simple" />
            <root url="jrt:///snap/intellij-idea-ultimate/193/jbr!/java.security.jgss" type="simple" />
            <root url="jrt:///snap/intellij-idea-ultimate/193/jbr!/java.security.sasl" type="simple" />
            <root url="jrt:///snap/intellij-idea-ultimate/193/jbr!/java.smartcardio" type="simple" />
            <root url="jrt:///snap/intellij-idea-ultimate/193/jbr!/java.sql" type="simple" />
            <root url="jrt:///snap/intellij-idea-ultimate/193/jbr!/java.sql.rowset" type="simple" />
            <root url="jrt:///snap/intellij-idea-ultimate/193/jbr!/java.transaction.xa" type="simple" />
            <root url="jrt:///snap/intellij-idea-ultimate/193/jbr!/java.xml" type="simple" />
            <root url="jrt:///snap/intellij-idea-ultimate/193/jbr!/java.xml.crypto" type="simple" />
            <root url="jrt:///snap/intellij-idea-ultimate/193/jbr!/javafx.base" type="simple" />
            <root url="jrt:///snap/intellij-idea-ultimate/193/jbr!/javafx.controls" type="simple" />
            <root url="jrt:///snap/intellij-idea-ultimate/193/jbr!/javafx.fxml" type="simple" />
            <root url="jrt:///snap/intellij-idea-ultimate/193/jbr!/javafx.graphics" type="simple" />
            <root url="jrt:///snap/intellij-idea-ultimate/193/jbr!/javafx.media" type="simple" />
            <root url="jrt:///snap/intellij-idea-ultimate/193/jbr!/javafx.swing" type="simple" />
            <root url="jrt:///snap/intellij-idea-ultimate/193/jbr!/javafx.web" type="simple" />
            <root url="jrt:///snap/intellij-idea-ultimate/193/jbr!/jdk.accessibility" type="simple" />
            <root url="jrt:///snap/intellij-idea-ultimate/193/jbr!/jdk.aot" type="simple" />
            <root url="jrt:///snap/intellij-idea-ultimate/193/jbr!/jdk.attach" type="simple" />
            <root url="jrt:///snap/intellij-idea-ultimate/193/jbr!/jdk.charsets" type="simple" />
            <root url="jrt:///snap/intellij-idea-ultimate/193/jbr!/jdk.compiler" type="simple" />
            <root url="jrt:///snap/intellij-idea-ultimate/193/jbr!/jdk.crypto.cryptoki" type="simple" />
            <root url="jrt:///snap/intellij-idea-ultimate/193/jbr!/jdk.crypto.ec" type="simple" />
            <root url="jrt:///snap/intellij-idea-ultimate/193/jbr!/jdk.dynalink" type="simple" />
            <root url="jrt:///snap/intellij-idea-ultimate/193/jbr!/jdk.httpserver" type="simple" />
            <root url="jrt:///snap/intellij-idea-ultimate/193/jbr!/jdk.internal.ed" type="simple" />
            <root url="jrt:///snap/intellij-idea-ultimate/193/jbr!/jdk.internal.jvmstat" type="simple" />
            <root url="jrt:///snap/intellij-idea-ultimate/193/jbr!/jdk.internal.le" type="simple" />
            <root url="jrt:///snap/intellij-idea-ultimate/193/jbr!/jdk.internal.vm.ci" type="simple" />
            <root url="jrt:///snap/intellij-idea-ultimate/193/jbr!/jdk.internal.vm.compiler" type="simple" />
            <root url="jrt:///snap/intellij-idea-ultimate/193/jbr!/jdk.internal.vm.compiler.management" type="simple" />
            <root url="jrt:///snap/intellij-idea-ultimate/193/jbr!/jdk.jdi" type="simple" />
            <root url="jrt:///snap/intellij-idea-ultimate/193/jbr!/jdk.jdwp.agent" type="simple" />
            <root url="jrt:///snap/intellij-idea-ultimate/193/jbr!/jdk.jfr" type="simple" />
            <root url="jrt:///snap/intellij-idea-ultimate/193/jbr!/jdk.jsobject" type="simple" />
            <root url="jrt:///snap/intellij-idea-ultimate/193/jbr!/jdk.localedata" type="simple" />
            <root url="jrt:///snap/intellij-idea-ultimate/193/jbr!/jdk.management" type="simple" />
            <root url="jrt:///snap/intellij-idea-ultimate/193/jbr!/jdk.management.agent" type="simple" />
            <root url="jrt:///snap/intellij-idea-ultimate/193/jbr!/jdk.management.jfr" type="simple" />
            <root url="jrt:///snap/intellij-idea-ultimate/193/jbr!/jdk.naming.dns" type="simple" />
            <root url="jrt:///snap/intellij-idea-ultimate/193/jbr!/jdk.naming.rmi" type="simple" />
            <root url="jrt:///snap/intellij-idea-ultimate/193/jbr!/jdk.net" type="simple" />
            <root url="jrt:///snap/intellij-idea-ultimate/193/jbr!/jdk.pack" type="simple" />
            <root url="jrt:///snap/intellij-idea-ultimate/193/jbr!/jdk.scripting.nashorn" type="simple" />
            <root url="jrt:///snap/intellij-idea-ultimate/193/jbr!/jdk.scripting.nashorn.shell" type="simple" />
            <root url="jrt:///snap/intellij-idea-ultimate/193/jbr!/jdk.sctp" type="simple" />
            <root url="jrt:///snap/intellij-idea-ultimate/193/jbr!/jdk.security.auth" type="simple" />
            <root url="jrt:///snap/intellij-idea-ultimate/193/jbr!/jdk.security.jgss" type="simple" />
            <root url="jrt:///snap/intellij-idea-ultimate/193/jbr!/jdk.unsupported" type="simple" />
            <root url="jrt:///snap/intellij-idea-ultimate/193/jbr!/jdk.xml.dom" type="simple" />
            <root url="jrt:///snap/intellij-idea-ultimate/193/jbr!/jdk.zipfs" type="simple" />
            <root url="file://$USER_HOME$/.sdkman/candidates/java/8.0.232.hs-adpt" type="simple" />
          </root>
        </classPath>
        <javadocPath>
          <root type="composite" />
        </javadocPath>
        <sourcePath>
          <root type="composite" />
        </sourcePath>
      </roots>
      <additional />
    </jdk>
    <jdk version="2">
      <name value="open JDK 8" />
      <type value="JavaSDK" />
      <version value="java version &quot;1.8.0_232&quot;" />
      <homePath value="$USER_HOME$/.sdkman/candidates/java/8.0.232.hs-adpt" />
      <roots>
        <annotationsPath>
          <root type="composite">
            <root url="jar://$APPLICATION_HOME_DIR$/plugins/java/lib/jdkAnnotations.jar!/" type="simple" />
          </root>
        </annotationsPath>
        <classPath>
          <root type="composite">
            <root url="jar://$USER_HOME$/.sdkman/candidates/java/8.0.232.hs-adpt/jre/lib/charsets.jar!/" type="simple" />
            <root url="jar://$USER_HOME$/.sdkman/candidates/java/8.0.232.hs-adpt/jre/lib/ext/cldrdata.jar!/" type="simple" />
            <root url="jar://$USER_HOME$/.sdkman/candidates/java/8.0.232.hs-adpt/jre/lib/ext/dnsns.jar!/" type="simple" />
            <root url="jar://$USER_HOME$/.sdkman/candidates/java/8.0.232.hs-adpt/jre/lib/ext/jaccess.jar!/" type="simple" />
            <root url="jar://$USER_HOME$/.sdkman/candidates/java/8.0.232.hs-adpt/jre/lib/ext/localedata.jar!/" type="simple" />
            <root url="jar://$USER_HOME$/.sdkman/candidates/java/8.0.232.hs-adpt/jre/lib/ext/nashorn.jar!/" type="simple" />
            <root url="jar://$USER_HOME$/.sdkman/candidates/java/8.0.232.hs-adpt/jre/lib/ext/sunec.jar!/" type="simple" />
            <root url="jar://$USER_HOME$/.sdkman/candidates/java/8.0.232.hs-adpt/jre/lib/ext/sunjce_provider.jar!/" type="simple" />
            <root url="jar://$USER_HOME$/.sdkman/candidates/java/8.0.232.hs-adpt/jre/lib/ext/sunpkcs11.jar!/" type="simple" />
            <root url="jar://$USER_HOME$/.sdkman/candidates/java/8.0.232.hs-adpt/jre/lib/ext/zipfs.jar!/" type="simple" />
            <root url="jar://$USER_HOME$/.sdkman/candidates/java/8.0.232.hs-adpt/jre/lib/jce.jar!/" type="simple" />
            <root url="jar://$USER_HOME$/.sdkman/candidates/java/8.0.232.hs-adpt/jre/lib/jsse.jar!/" type="simple" />
            <root url="jar://$USER_HOME$/.sdkman/candidates/java/8.0.232.hs-adpt/jre/lib/management-agent.jar!/" type="simple" />
            <root url="jar://$USER_HOME$/.sdkman/candidates/java/8.0.232.hs-adpt/jre/lib/resources.jar!/" type="simple" />
            <root url="jar://$USER_HOME$/.sdkman/candidates/java/8.0.232.hs-adpt/jre/lib/rt.jar!/" type="simple" />
          </root>
        </classPath>
        <javadocPath>
          <root type="composite" />
        </javadocPath>
        <sourcePath>
          <root type="composite">
            <root url="jar://$USER_HOME$/.sdkman/candidates/java/8.0.232.hs-adpt/src.zip!/" type="simple" />
          </root>
        </sourcePath>
      </roots>
      <additional />
    </jdk>
    <jdk version="2">
      <name value="rbenv: 2.7.1" />
      <type value="RUBY_SDK" />
      <version value="ver.2.7.1p83 ( revision a0c7c23c9c) p83" />
      <homePath value="$USER_HOME$/.rbenv/versions/2.7.1/bin/ruby" />
      <roots>
        <annotationsPath>
          <root type="composite" />
        </annotationsPath>
        <classPath>
          <root type="composite">
            <root url="file://$USER_HOME$/.rbenv/versions/2.7.1/lib/ruby/site_ruby/2.7.0" type="simple" />
            <root url="file://$USER_HOME$/.rbenv/versions/2.7.1/lib/ruby/site_ruby/2.7.0/x86_64-linux" type="simple" />
            <root url="file://$USER_HOME$/.rbenv/versions/2.7.1/lib/ruby/site_ruby" type="simple" />
            <root url="file://$USER_HOME$/.rbenv/versions/2.7.1/lib/ruby/vendor_ruby/2.7.0" type="simple" />
            <root url="file://$USER_HOME$/.rbenv/versions/2.7.1/lib/ruby/vendor_ruby/2.7.0/x86_64-linux" type="simple" />
            <root url="file://$USER_HOME$/.rbenv/versions/2.7.1/lib/ruby/vendor_ruby" type="simple" />
            <root url="file://$USER_HOME$/.rbenv/versions/2.7.1/lib/ruby/2.7.0" type="simple" />
            <root url="file://$USER_HOME$/.rbenv/versions/2.7.1/lib/ruby/2.7.0/x86_64-linux" type="simple" />
            <root url="file://$APPLICATION_PLUGINS_DIR$/ruby/rubystubs/rubystubs26" type="simple" />
          </root>
        </classPath>
        <javadocPath>
          <root type="composite" />
        </javadocPath>
        <sourcePath>
          <root type="composite">
            <root url="file://$USER_HOME$/.rbenv/versions/2.7.1/lib/ruby/site_ruby/2.7.0" type="simple" />
            <root url="file://$USER_HOME$/.rbenv/versions/2.7.1/lib/ruby/site_ruby/2.7.0/x86_64-linux" type="simple" />
            <root url="file://$USER_HOME$/.rbenv/versions/2.7.1/lib/ruby/site_ruby" type="simple" />
            <root url="file://$USER_HOME$/.rbenv/versions/2.7.1/lib/ruby/vendor_ruby/2.7.0" type="simple" />
            <root url="file://$USER_HOME$/.rbenv/versions/2.7.1/lib/ruby/vendor_ruby/2.7.0/x86_64-linux" type="simple" />
            <root url="file://$USER_HOME$/.rbenv/versions/2.7.1/lib/ruby/vendor_ruby" type="simple" />
            <root url="file://$USER_HOME$/.rbenv/versions/2.7.1/lib/ruby/2.7.0" type="simple" />
            <root url="file://$USER_HOME$/.rbenv/versions/2.7.1/lib/ruby/2.7.0/x86_64-linux" type="simple" />
            <root url="file://$APPLICATION_PLUGINS_DIR$/ruby/rubystubs/rubystubs26" type="simple" />
          </root>
        </sourcePath>
      </roots>
      <additional NORMALIZED_VERSION_STRING="ver.2.7.1p83 ( revision a0c7c23c9c) p83" version="1" GEMS_BIN_DIR_PATH="$USER_HOME$/.rbenv/versions/2.7.1/bin">
        <VERSION_MANAGER ID="rbenv">
          <option name="gemset-name" />
          <distribution-id>2.7.1</distribution-id>
          <version-manager-path>/usr/lib/rbenv/libexec/rbenv</version-manager-path>
        </VERSION_MANAGER>
        <RbConfig>
          <item key="AR" value="ar" />
          <item key="ARFLAGS" value="rcD " />
          <item key="AS" value="as" />
          <item key="ASMEXT" value="S" />
          <item key="BUILTIN_TRANSSRCS" value=" enc/trans/newline.c" />
          <item key="CC" value="gcc" />
          <item key="CCDLFLAGS" value="-fPIC" />
          <item key="CC_VERSION" value="gcc --version" />
          <item key="CC_VERSION_MESSAGE" value="gcc (Ubuntu 9.3.0-10ubuntu2) 9.3.0&#10;Copyright (C) 2019 Free Software Foundation, Inc.&#10;This is free software; see the source for copying conditions.  There is NO&#10;warranty; not even for MERCHANTABILITY or FITNESS FOR A PARTICULAR PURPOSE." />
          <item key="CFLAGS" value="-O3 -ggdb3 -Wall -Wextra -Wdeprecated-declarations -Wduplicated-cond -Wimplicit-function-declaration -Wimplicit-int -Wmisleading-indentation -Wpointer-arith -Wwrite-strings -Wimplicit-fallthrough=0 -Wmissing-noreturn -Wno-cast-function-type -Wno-constant-logical-operand -Wno-long-long -Wno-missing-field-initializers -Wno-overlength-strings -Wno-packed-bitfield-compat -Wno-parentheses-equality -Wno-self-assign -Wno-tautological-compare -Wno-unused-parameter -Wno-unused-value -Wsuggest-attribute=format -Wsuggest-attribute=noreturn -Wunused-variable  -fPIC" />
          <item key="CHDIR" value="cd -P" />
          <item key="CONFIGURE" value="configure" />
          <item key="COUTFLAG" value="-o " />
          <item key="CP" value="cp" />
          <item key="CPP" value="gcc -E" />
          <item key="CPPFLAGS" value="-I/home/alexandre/.rbenv/versions/2.7.1/include   " />
          <item key="CPPOUTFILE" value="-o conftest.i" />
          <item key="CROSS_COMPILING" value="no" />
          <item key="CXX" value="g++" />
          <item key="CXXFLAGS" value="-g -O2" />
          <item key="DLDFLAGS" value="-L/home/alexandre/.rbenv/versions/2.7.1/lib  -Wl,--compress-debug-sections=zlib" />
          <item key="DLDLIBS" value=" -lc" />
          <item key="DLDSHARED" value="gcc -shared" />
          <item key="DLEXT" value="so" />
          <item key="DLNOBJ" value="dln.o" />
          <item key="ECHO_N" value="-n" />
          <item key="EGREP" value="/usr/bin/grep -E" />
          <item key="ENABLE_SHARED" value="yes" />
          <item key="EXTOUT" value=".ext" />
          <item key="GCC" value="yes" />
          <item key="GIT" value="git" />
          <item key="GNU_LD" value="yes" />
          <item key="GREP" value="/usr/bin/grep" />
          <item key="HAVE_GIT" value="yes" />
          <item key="INSTALL" value="/usr/bin/install -c" />
          <item key="INSTALL_DATA" value="/usr/bin/install -c -m 644" />
          <item key="INSTALL_PROGRAM" value="/usr/bin/install -c" />
          <item key="INSTALL_SCRIPT" value="/usr/bin/install -c" />
          <item key="INSTALL_STATIC_LIBRARY" value="no" />
          <item key="LD" value="ld" />
          <item key="LDFLAGS" value="-L. -L/home/alexandre/.rbenv/versions/2.7.1/lib  -fstack-protector-strong -rdynamic -Wl,-export-dynamic" />
          <item key="LDSHARED" value="gcc -shared" />
          <item key="LDSHAREDXX" value="g++ -shared" />
          <item key="LIBEXT" value="a" />
          <item key="LIBPATHENV" value="LD_LIBRARY_PATH" />
          <item key="LIBPATHFLAG" value=" -L%1$-s" />
          <item key="LIBRUBY" value="libruby.so.2.7.1" />
          <item key="LIBRUBYARG" value="-Wl,-rpath,/home/alexandre/.rbenv/versions/2.7.1/lib -L/home/alexandre/.rbenv/versions/2.7.1/lib -lruby" />
          <item key="LIBRUBYARG_SHARED" value="-Wl,-rpath,/home/alexandre/.rbenv/versions/2.7.1/lib -L/home/alexandre/.rbenv/versions/2.7.1/lib -lruby" />
          <item key="LIBRUBYARG_STATIC" value="-Wl,-rpath,/home/alexandre/.rbenv/versions/2.7.1/lib -L/home/alexandre/.rbenv/versions/2.7.1/lib -lruby-static -lz -lpthread -lrt -lrt -lgmp -ldl -lcrypt -lm " />
          <item key="LIBRUBY_A" value="libruby-static.a" />
          <item key="LIBRUBY_ALIASES" value="libruby.so.2.7 libruby.so" />
          <item key="LIBRUBY_RELATIVE" value="no" />
          <item key="LIBRUBY_SO" value="libruby.so.2.7.1" />
          <item key="LIBRUBY_SONAME" value="libruby.so.2.7" />
          <item key="LIBS" value="-lm " />
          <item key="LN_S" value="ln -s" />
          <item key="MAINLIBS" value="-lz -lpthread -lrt -lrt -lgmp -ldl -lcrypt -lm " />
          <item key="MAJOR" value="2" />
          <item key="MAKEDIRS" value="/usr/bin/mkdir -p" />
          <item key="MAKEFILES" value="Makefile GNUmakefile" />
          <item key="MANTYPE" value="doc" />
          <item key="MATHN" value="yes" />
          <item key="MINOR" value="7" />
          <item key="MJIT_CC" value="/usr/bin/gcc" />
          <item key="MJIT_SUPPORT" value="yes" />
          <item key="MKDIR_P" value="/usr/bin/mkdir -p" />
          <item key="NM" value="nm" />
          <item key="NULLCMD" value=":" />
          <item key="OBJCOPY" value=":" />
          <item key="OBJDUMP" value="objdump" />
          <item key="OBJEXT" value="o" />
          <item key="OUTFLAG" value="-o " />
          <item key="PACKAGE" value="ruby" />
          <item key="PATCHLEVEL" value="83" />
          <item key="PATH_SEPARATOR" value=":" />
          <item key="PKG_CONFIG" value="pkg-config" />
          <item key="POSTLINK" value=":" />
          <item key="PRELOADENV" value="LD_PRELOAD" />
          <item key="PREP" value="miniruby" />
          <item key="RANLIB" value="ranlib" />
          <item key="RI_BASE_NAME" value="ri" />
          <item key="RM" value="rm -f" />
          <item key="RMALL" value="rm -fr" />
          <item key="RMDIR" value="rmdir --ignore-fail-on-non-empty" />
          <item key="RMDIRS" value="rmdir --ignore-fail-on-non-empty -p" />
          <item key="RPATHFLAG" value=" -Wl,-rpath,%1$-s" />
          <item key="RUBYW_BASE_NAME" value="rubyw" />
          <item key="RUBY_API_VERSION" value="2.7" />
          <item key="RUBY_BASE_NAME" value="ruby" />
          <item key="RUBY_EXEC_PREFIX" value="$USER_HOME$/.rbenv/versions/2.7.1" />
          <item key="RUBY_INSTALL_NAME" value="ruby" />
          <item key="RUBY_LIB_VERSION_STYLE" value="3&#9;/* full */" />
          <item key="RUBY_PROGRAM_VERSION" value="2.7.1" />
          <item key="RUBY_SO_NAME" value="ruby" />
          <item key="RUBY_VERSION_NAME" value="ruby-2.7.0" />
          <item key="SHELL" value="/bin/bash" />
          <item key="SOEXT" value="so" />
          <item key="SOLIBS" value="-lz -lpthread -lrt -lrt -lgmp -ldl -lcrypt -lm " />
          <item key="STRIP" value="strip -S -x" />
          <item key="TEENY" value="1" />
          <item key="TEST_RUNNABLE" value="yes" />
          <item key="THREAD_MODEL" value="pthread" />
          <item key="UNICODE_EMOJI_VERSION" value="12.1" />
          <item key="UNICODE_VERSION" value="12.1.0" />
          <item key="WERRORFLAG" value="-Werror" />
          <item key="arch" value="x86_64-linux" />
          <item key="archdir" value="$USER_HOME$/.rbenv/versions/2.7.1/lib/ruby/2.7.0/x86_64-linux" />
          <item key="archincludedir" value="$USER_HOME$/.rbenv/versions/2.7.1/include/x86_64-linux" />
          <item key="archlibdir" value="$USER_HOME$/.rbenv/versions/2.7.1/lib/x86_64-linux" />
          <item key="bindir" value="$USER_HOME$/.rbenv/versions/2.7.1/bin" />
          <item key="build" value="x86_64-pc-linux-gnu" />
          <item key="build_cpu" value="x86_64" />
          <item key="build_os" value="linux-gnu" />
          <item key="build_vendor" value="pc" />
          <item key="cflags" value="-O3 -ggdb3 -Wall -Wextra -Wdeprecated-declarations -Wduplicated-cond -Wimplicit-function-declaration -Wimplicit-int -Wmisleading-indentation -Wpointer-arith -Wwrite-strings -Wimplicit-fallthrough=0 -Wmissing-noreturn -Wno-cast-function-type -Wno-constant-logical-operand -Wno-long-long -Wno-missing-field-initializers -Wno-overlength-strings -Wno-packed-bitfield-compat -Wno-parentheses-equality -Wno-self-assign -Wno-tautological-compare -Wno-unused-parameter -Wno-unused-value -Wsuggest-attribute=format -Wsuggest-attribute=noreturn -Wunused-variable" />
          <item key="configure_args" value=" '--prefix=/home/alexandre/.rbenv/versions/2.7.1' '--enable-shared' 'LDFLAGS=-L/home/alexandre/.rbenv/versions/2.7.1/lib ' 'CPPFLAGS=-I/home/alexandre/.rbenv/versions/2.7.1/include '" />
          <item key="datadir" value="$USER_HOME$/.rbenv/versions/2.7.1/share" />
          <item key="datarootdir" value="$USER_HOME$/.rbenv/versions/2.7.1/share" />
          <item key="debugflags" value="-ggdb3" />
          <item key="docdir" value="$USER_HOME$/.rbenv/versions/2.7.1/share/doc/ruby" />
          <item key="dvidir" value="$USER_HOME$/.rbenv/versions/2.7.1/share/doc/ruby" />
          <item key="exec" value="exec" />
          <item key="exec_prefix" value="$USER_HOME$/.rbenv/versions/2.7.1" />
          <item key="host" value="x86_64-pc-linux-gnu" />
          <item key="host_cpu" value="x86_64" />
          <item key="host_os" value="linux-gnu" />
          <item key="host_vendor" value="pc" />
          <item key="htmldir" value="$USER_HOME$/.rbenv/versions/2.7.1/share/doc/ruby" />
          <item key="includedir" value="$USER_HOME$/.rbenv/versions/2.7.1/include" />
          <item key="infodir" value="$USER_HOME$/.rbenv/versions/2.7.1/share/info" />
          <item key="libdir" value="$USER_HOME$/.rbenv/versions/2.7.1/lib" />
          <item key="libdirname" value="libdir" />
          <item key="libexecdir" value="$USER_HOME$/.rbenv/versions/2.7.1/libexec" />
          <item key="localedir" value="$USER_HOME$/.rbenv/versions/2.7.1/share/locale" />
          <item key="localstatedir" value="$USER_HOME$/.rbenv/versions/2.7.1/var" />
          <item key="mandir" value="$USER_HOME$/.rbenv/versions/2.7.1/share/man" />
          <item key="oldincludedir" value="/usr/include" />
          <item key="optflags" value="-O3" />
          <item key="pdfdir" value="$USER_HOME$/.rbenv/versions/2.7.1/share/doc/ruby" />
          <item key="prefix" value="$USER_HOME$/.rbenv/versions/2.7.1" />
          <item key="psdir" value="$USER_HOME$/.rbenv/versions/2.7.1/share/doc/ruby" />
          <item key="ridir" value="$USER_HOME$/.rbenv/versions/2.7.1/share/ri" />
          <item key="ruby_install_name" value="ruby" />
          <item key="ruby_pc" value="ruby-2.7.pc" />
          <item key="ruby_version" value="2.7.0" />
          <item key="rubyarchdir" value="$USER_HOME$/.rbenv/versions/2.7.1/lib/ruby/2.7.0/x86_64-linux" />
          <item key="rubyarchhdrdir" value="$USER_HOME$/.rbenv/versions/2.7.1/include/ruby-2.7.0/x86_64-linux" />
          <item key="rubyarchprefix" value="$USER_HOME$/.rbenv/versions/2.7.1/lib/ruby/x86_64-linux" />
          <item key="rubyhdrdir" value="$USER_HOME$/.rbenv/versions/2.7.1/include/ruby-2.7.0" />
          <item key="rubylibdir" value="$USER_HOME$/.rbenv/versions/2.7.1/lib/ruby/2.7.0" />
          <item key="rubylibprefix" value="$USER_HOME$/.rbenv/versions/2.7.1/lib/ruby" />
          <item key="rubysitearchprefix" value="$USER_HOME$/.rbenv/versions/2.7.1/lib/ruby/x86_64-linux" />
          <item key="runstatedir" value="$USER_HOME$/.rbenv/versions/2.7.1/var/run" />
          <item key="sbindir" value="$USER_HOME$/.rbenv/versions/2.7.1/sbin" />
          <item key="setup" value="Setup" />
          <item key="sharedstatedir" value="$USER_HOME$/.rbenv/versions/2.7.1/com" />
          <item key="sitearch" value="x86_64-linux" />
          <item key="sitearchdir" value="$USER_HOME$/.rbenv/versions/2.7.1/lib/ruby/site_ruby/2.7.0/x86_64-linux" />
          <item key="sitearchhdrdir" value="$USER_HOME$/.rbenv/versions/2.7.1/include/ruby-2.7.0/site_ruby/x86_64-linux" />
          <item key="sitearchincludedir" value="$USER_HOME$/.rbenv/versions/2.7.1/include/x86_64-linux" />
          <item key="sitearchlibdir" value="$USER_HOME$/.rbenv/versions/2.7.1/lib/x86_64-linux" />
          <item key="sitedir" value="$USER_HOME$/.rbenv/versions/2.7.1/lib/ruby/site_ruby" />
          <item key="sitehdrdir" value="$USER_HOME$/.rbenv/versions/2.7.1/include/ruby-2.7.0/site_ruby" />
          <item key="sitelibdir" value="$USER_HOME$/.rbenv/versions/2.7.1/lib/ruby/site_ruby/2.7.0" />
          <item key="strict_warnflags" value="-std=gnu99" />
          <item key="sysconfdir" value="$USER_HOME$/.rbenv/versions/2.7.1/etc" />
          <item key="target" value="x86_64-pc-linux-gnu" />
          <item key="target_cpu" value="x86_64" />
          <item key="target_os" value="linux" />
          <item key="target_vendor" value="pc" />
          <item key="topdir" value="$USER_HOME$/.rbenv/versions/2.7.1/lib/ruby/2.7.0/x86_64-linux" />
          <item key="vendorarchdir" value="$USER_HOME$/.rbenv/versions/2.7.1/lib/ruby/vendor_ruby/2.7.0/x86_64-linux" />
          <item key="vendorarchhdrdir" value="$USER_HOME$/.rbenv/versions/2.7.1/include/ruby-2.7.0/vendor_ruby/x86_64-linux" />
          <item key="vendordir" value="$USER_HOME$/.rbenv/versions/2.7.1/lib/ruby/vendor_ruby" />
          <item key="vendorhdrdir" value="$USER_HOME$/.rbenv/versions/2.7.1/include/ruby-2.7.0/vendor_ruby" />
          <item key="vendorlibdir" value="$USER_HOME$/.rbenv/versions/2.7.1/lib/ruby/vendor_ruby/2.7.0" />
          <item key="warnflags" value="-Wall -Wextra -Wdeprecated-declarations -Wduplicated-cond -Wimplicit-function-declaration -Wimplicit-int -Wmisleading-indentation -Wpointer-arith -Wwrite-strings -Wimplicit-fallthrough=0 -Wmissing-noreturn -Wno-cast-function-type -Wno-constant-logical-operand -Wno-long-long -Wno-missing-field-initializers -Wno-overlength-strings -Wno-packed-bitfield-compat -Wno-parentheses-equality -Wno-self-assign -Wno-tautological-compare -Wno-unused-parameter -Wno-unused-value -Wsuggest-attribute=format -Wsuggest-attribute=noreturn -Wunused-variable" />
        </RbConfig>
      </additional>
    </jdk>
    <jdk version="2">
      <name value="Python 3.8" />
      <type value="Python SDK" />
      <version value="Python 3.8.10" />
      <homePath value="/usr/bin/python3.8" />
      <roots>
        <annotationsPath>
          <root type="composite" />
        </annotationsPath>
        <classPath>
          <root type="composite">
            <root url="file:///usr/lib/python3.8" type="simple" />
            <root url="file:///usr/lib/python3.8/lib-dynload" type="simple" />
            <root url="file:///usr/local/lib/python3.8/dist-packages" type="simple" />
            <root url="file:///usr/lib/python3/dist-packages" type="simple" />
            <root url="file://$USER_HOME$/.cache/JetBrains/IntelliJIdea2021.2/python_stubs/-1247971761" type="simple" />
            <root url="file://$APPLICATION_PLUGINS_DIR$/python/helpers/python-skeletons" type="simple" />
            <root url="file://$APPLICATION_PLUGINS_DIR$/python/helpers/typeshed/stdlib" type="simple" />
            <root url="file://$APPLICATION_PLUGINS_DIR$/python/helpers/typeshed/stubs/jwt" type="simple" />
            <root url="file://$APPLICATION_PLUGINS_DIR$/python/helpers/typeshed/stubs/six" type="simple" />
            <root url="file://$APPLICATION_PLUGINS_DIR$/python/helpers/typeshed/stubs/mock" type="simple" />
            <root url="file://$APPLICATION_PLUGINS_DIR$/python/helpers/typeshed/stubs/nmap" type="simple" />
            <root url="file://$APPLICATION_PLUGINS_DIR$/python/helpers/typeshed/stubs/annoy" type="simple" />
            <root url="file://$APPLICATION_PLUGINS_DIR$/python/helpers/typeshed/stubs/attrs" type="simple" />
            <root url="file://$APPLICATION_PLUGINS_DIR$/python/helpers/typeshed/stubs/polib" type="simple" />
            <root url="file://$APPLICATION_PLUGINS_DIR$/python/helpers/typeshed/stubs/retry" type="simple" />
            <root url="file://$APPLICATION_PLUGINS_DIR$/python/helpers/typeshed/stubs/docopt" type="simple" />
            <root url="file://$APPLICATION_PLUGINS_DIR$/python/helpers/typeshed/stubs/enum34" type="simple" />
            <root url="file://$APPLICATION_PLUGINS_DIR$/python/helpers/typeshed/stubs/orjson" type="simple" />
            <root url="file://$APPLICATION_PLUGINS_DIR$/python/helpers/typeshed/stubs/pysftp" type="simple" />
            <root url="file://$APPLICATION_PLUGINS_DIR$/python/helpers/typeshed/stubs/xxhash" type="simple" />
            <root url="file://$APPLICATION_PLUGINS_DIR$/python/helpers/typeshed/stubs/chardet" type="simple" />
            <root url="file://$APPLICATION_PLUGINS_DIR$/python/helpers/typeshed/stubs/futures" type="simple" />
            <root url="file://$APPLICATION_PLUGINS_DIR$/python/helpers/typeshed/stubs/pyaudio" type="simple" />
            <root url="file://$APPLICATION_PLUGINS_DIR$/python/helpers/typeshed/stubs/tzlocal" type="simple" />
            <root url="file://$APPLICATION_PLUGINS_DIR$/python/helpers/typeshed/stubs/Markdown" type="simple" />
            <root url="file://$APPLICATION_PLUGINS_DIR$/python/helpers/typeshed/stubs/Werkzeug" type="simple" />
            <root url="file://$APPLICATION_PLUGINS_DIR$/python/helpers/typeshed/stubs/aiofiles" type="simple" />
            <root url="file://$APPLICATION_PLUGINS_DIR$/python/helpers/typeshed/stubs/colorama" type="simple" />
            <root url="file://$APPLICATION_PLUGINS_DIR$/python/helpers/typeshed/stubs/filelock" type="simple" />
            <root url="file://$APPLICATION_PLUGINS_DIR$/python/helpers/typeshed/stubs/paramiko" type="simple" />
            <root url="file://$APPLICATION_PLUGINS_DIR$/python/helpers/typeshed/stubs/pathlib2" type="simple" />
            <root url="file://$APPLICATION_PLUGINS_DIR$/python/helpers/typeshed/stubs/requests" type="simple" />
            <root url="file://$APPLICATION_PLUGINS_DIR$/python/helpers/typeshed/stubs/waitress" type="simple" />
            <root url="file://$APPLICATION_PLUGINS_DIR$/python/helpers/typeshed/stubs/freezegun" type="simple" />
            <root url="file://$APPLICATION_PLUGINS_DIR$/python/helpers/typeshed/stubs/ipaddress" type="simple" />
            <root url="file://$APPLICATION_PLUGINS_DIR$/python/helpers/typeshed/stubs/pyRFC3339" type="simple" />
            <root url="file://$APPLICATION_PLUGINS_DIR$/python/helpers/typeshed/stubs/typed-ast" type="simple" />
            <root url="file://$APPLICATION_PLUGINS_DIR$/python/helpers/typeshed/stubs/Deprecated" type="simple" />
            <root url="file://$APPLICATION_PLUGINS_DIR$/python/helpers/typeshed/stubs/cachetools" type="simple" />
            <root url="file://$APPLICATION_PLUGINS_DIR$/python/helpers/typeshed/stubs/frozendict" type="simple" />
            <root url="file://$APPLICATION_PLUGINS_DIR$/python/helpers/typeshed/stubs/pyfarmhash" type="simple" />
            <root url="file://$APPLICATION_PLUGINS_DIR$/python/helpers/typeshed/stubs/JACK-Client" type="simple" />
            <root url="file://$APPLICATION_PLUGINS_DIR$/python/helpers/typeshed/stubs/contextvars" type="simple" />
            <root url="file://$APPLICATION_PLUGINS_DIR$/python/helpers/typeshed/stubs/atomicwrites" type="simple" />
            <root url="file://$APPLICATION_PLUGINS_DIR$/python/helpers/typeshed/stubs/cryptography" type="simple" />
            <root url="file://$APPLICATION_PLUGINS_DIR$/python/helpers/typeshed/stubs/DateTimeRange" type="simple" />
            <root url="file://$APPLICATION_PLUGINS_DIR$/python/helpers/typeshed/stubs/click-spinner" type="simple" />
            <root url="file://$APPLICATION_PLUGINS_DIR$/python/helpers/typeshed/stubs/pkg_resources" type="simple" />
            <root url="file://$APPLICATION_PLUGINS_DIR$/python/helpers/typeshed/stubs/python-gflags" type="simple" />
            <root url="file://$APPLICATION_PLUGINS_DIR$/python/helpers/typeshed/stubs/python-slugify" type="simple" />
            <root url="file://$APPLICATION_PLUGINS_DIR$/python/helpers/typeshed/stubs/python-dateutil" type="simple" />
          </root>
        </classPath>
        <javadocPath>
          <root type="composite" />
        </javadocPath>
        <sourcePath>
          <root type="composite" />
        </sourcePath>
      </roots>
      <additional />
    </jdk>
  </component>
</application>