<application>
  <component name="ApplicationCodeStyleSettingsMigration">
    <option name="version" value="2" />
  </component>
  <component name="ScalaApplicationSettings">
    <option name="SPECIFY_RETURN_TYPE_EXPLICITLY" value="ADD" />
    <option name="OPTIMIZE_IMPORTS_ON_THE_FLY" value="true" />
    <option name="SUGGEST_IN_EDITOR_DOC_RENDERING" value="false" />
    <option name="SUGGEST_AUTOBRACE_INSERTION" value="false" />
    <option name="SUGGEST_LEGACY_IMPORT_LAYOUT" value="false" />
  </component>
</application>